article_id,published_at,source,url,title,description,industries,y_true,lr_pred,lr_p0,lr_p1,lr_p2,finbert_pred,finbert_p0,finbert_p1,finbert_p2,vader_pred,vader_compound
bfa69c9f-b841-4414-b092-4f333093b50b,2025-02-27T20:20:00+00:00,investing.com,https://www.investing.com/analysis/q4-earnings-season-wraps-up-us-ceos-signal-highest-confidence-in-2-years-200657810,Q4 Earnings Season Wraps up: US CEOs Signal Highest Confidence in 2 Years,"Stocks Analysis by Christine Short covering: S&P 500, NVIDIA Corporation, Home Depot Inc, TJX Companies Inc. Read Christine Short's latest article on Investing.com","Basic Materials,Consumer Defensive,Energy,Healthcare,Real Estate,Technology,Utilities",2,1,0.1858847431520536,0.690057133650806,0.12405812319714035,1,0.02891149,0.9318829,0.03920557,2,0.5106
593bf663-0bd9-4cca-80ec-9b71e4839729,2025-06-23T18:00:00+00:00,seekingalpha.com,https://seekingalpha.com/article/4796647-steven-cress-top-10-stocks-for-h2-2025,Steven Cress' Top 10 Stocks For H2 2025,"Steven Cress, Seeking Alpha's VP of Quantitative Strategy, shares his top 10 stock picks for H2 of this very volatile year.","Basic Materials,Consumer Cyclical,Financial Services,Technology",1,1,0.35621880728770333,0.3846033736844967,0.25917781902779996,1,0.017516283,0.9262311,0.056252655,2,0.5859
267eaaf9-bd23-4435-9996-23bb819c865a,2025-02-18T14:07:00+00:00,under30ceo.com,https://www.under30ceo.com/sp-500-unchanged-as-retail-report-looms/,S&P 500 unchanged as retail report looms,The S&P 500 remains flat as investors brace for the upcoming retail sales report.,"Communication Services,Technology,Utilities",2,1,0.17174627093665992,0.607717207108918,0.22053652195442217,0,0.9355055,0.038454536,0.026039973,0,-0.1531
31e20fa1-65e7-45a7-8432-9245936d06ee,2025-06-20T10:54:36+00:00,forbes.com,https://www.forbes.com/sites/greatspeculations/2025/06/20/sp-to-crash-50-trump-calls-jerome-powell-dumbest/,S&P To Crash 50%? Trump Calls Jerome Powell “Dumbest”,President Trump's remarks against Fed Chair Jerome Powell follows the Fed’s decision to hold interest rates steady. But is cutting rates really the right thing to do?,"Communication Services,Technology",1,1,0.07803360348358969,0.7269383131227103,0.19502808339369992,1,0.4269368,0.51676494,0.05629828,0,-0.2406
d9b2e524-7c9e-4f85-a50c-6d6b3fce721b,2025-06-25T20:53:49+00:00,theetfbully.com,https://theetfbully.com/2025/06/bitcoin-bounces-gold-shines-but-market-breadth-tells-a-different-story/,"Bitcoin Bounces, Gold Shines, But Market Breadth Tells A Different Story","[Chart courtesy of MarketWatch.com] The S&P 500 and Nasdaq started the day on a positive note, with the S&P inching closer to its all-time high. The Dow, however, lagged. Tech stocks helped lift the mood early on—Nvidia jumped over 3%, with Alphabet and AMD also posting solid gains. So far this week, the S&P is up more than 2%, thanks ... Read More","Communication Services,Technology",2,1,0.15011499630306704,0.5317428016679747,0.31814220202895827,2,0.026336584,0.031258155,0.94240534,2,0.9392
a97cfc31-abf9-45bb-9dc0-a18bd184a650,2025-05-05T18:28:51+00:00,thestockmarketwatch.com,https://thestockmarketwatch.com/stock-market-news/market-recap-wall-street-snaps-historic-winning-streak-as-investors-eye-fed-meeting/49403/,Market Recap: Wall Street Snaps Historic Winning Streak as Investors Eye Fed Meeting,"U.S. stock markets retreated on Monday, May 5, 2025, ending what had been the longest winning streak for the S&P 500 in over two decades. After nine","Consumer Cyclical,Technology",1,1,0.2538385070875042,0.6126054537628727,0.13355603914962305,0,0.95752496,0.028974855,0.013500156,2,0.7783
c3d65475-81f6-432b-803c-2ec0311b0589,2025-03-12T23:32:38+00:00,cnbc.com,https://www.cnbc.com/2025/03/13/asia-markets-live-stocks-set-to-rise.html,Asia-Pacific stocks set to rise after soft U.S. inflation report pushes two Wall Street benchmarks up,The Nasdaq Composite picked up after the soft inflation report eased concerns about a looming recession and as investors snapped up technology shares.,"Consumer Cyclical,Technology",1,1,0.2303500717739488,0.4322895357595593,0.33736039246649174,2,0.03875445,0.032235343,0.9290102,1,0.0258
19fda29b-6b95-4a0d-b648-2e4c6a2eacd5,2025-03-12T21:28:40+00:00,thestockmarketwatch.com,https://thestockmarketwatch.com/stock-market-news/market-recap-sp-500-and-nasdaq-rebound-amid-inflation-data-and-trade-tensions/49025/,Market Recap: S&P 500 and Nasdaq Rebound Amid Inflation Data and Trade Tensions,"On Wednesday, March 12, 2025, the U.S. stock market experienced a mixed session, with technology stocks leading a rebound while concerns over trade tensions","Basic Materials,Consumer Cyclical,Consumer Defensive,Technology",0,1,0.2507172924000328,0.5034824348126996,0.24580027278726774,2,0.42558414,0.026681162,0.5477347,0,-0.6597
4119db43-ea05-4c77-a458-d843edb6bb3f,2025-03-01T08:12:22+00:00,raskmedia.com.au,https://www.raskmedia.com.au/2025/03/01/costco-wholesale-corp-nasdaqcost-the-secret-sauce-of-costco/,Costco Wholesale Corp (NASDAQ:COST): the secret sauce of Costco,"Take a look at Costco Wholesale Corp (NASDAQ: COST) and its profit & loss, then tell me what you see...","Consumer Defensive,Technology",1,0,0.36336488342726686,0.30027383517230505,0.33636128140042815,1,0.026146885,0.9373611,0.036491968,1,0.1531
3fe24257-ebb9-4c31-a647-eafe26919bd8,2025-02-07T17:11:08+00:00,benzinga.com,https://www.benzinga.com/trading-ideas/movers/25/02/43567366/whats-going-on-with-accenture-stock-today-3,What's Going On With Accenture Stock Today? - Accenture (NYSE:ACN),"Accenture reportedly reveled the scrapping of its diversity goals. The company also announced the acquisition of Staufen AG, a German consulting firm.","Communication Services,Consumer Cyclical,Consumer Defensive,Technology",1,1,0.13805426644204066,0.6429079885815613,0.2190377449763981,1,0.23361944,0.6787034,0.08767715,1,0.0
c9f5b911-b623-4b69-b67f-d973fb2c498e,2025-02-11T08:38:29+00:00,rttnews.com,https://www.rttnews.com/story.aspx?Id=3511278,Asian Shares Mixed In Cautious Trade,"Asian stocks ended mixed in thin trade on Tuesday, with Japanese markets closed for a public holiday.   Chinese and Hong Kong stocks underperformed amid U.S. trade policy shifts and deflation concerns as retaliatory Chinese duties on U.","Energy,Financial Services,Technology",0,1,0.3203546563540088,0.3993039760165237,0.28034136762946754,0,0.9544786,0.013673298,0.031848118,2,0.5423
b23859f9-d30c-40ba-b59b-8b5a742655b8,2025-06-15T21:22:00+00:00,investing.com,https://www.investing.com/analysis/war-creates-opportunity-why-smart-investors-buy-when-others-fear-200662235,War Creates Opportunity: Why Smart Investors Buy When Others Fear,"Market Analysis by  covering: Nasdaq 100, FTSE 100, Gold Spot US Dollar, S&P 500. Read 's Market Analysis on Investing.com","Energy,Technology",1,1,0.14181523319847097,0.5677892197294859,0.29039554707204307,1,0.021892332,0.9378472,0.04026048,0,-0.128
eb583e9d-489a-4599-9f9f-c3e387135853,2025-06-23T12:08:20+00:00,manilatimes.net,https://www.manilatimes.net/2025/06/23/tmt-newswire/globenewswire/defi-development-corp-partners-with-kraken-to-tokenize-dfdv-stock-on-solana-becoming-the-first-us-listed-crypto-treasury-strategy-to-go-onchain/2137899,"DeFi Development Corp. Partners with Kraken to Tokenize DFDV Stock on Solana, Becoming the First U.S.-Listed Crypto Treasury Strategy to Go Onchain",**media[661870]**,"Consumer Cyclical,Financial Services,Technology",1,1,0.1420415551761844,0.6868473554548445,0.17111108936897093,1,0.011790877,0.8152292,0.17297995,1,0.2023
d4d95f90-4836-4b77-a5f3-30b9a73f5b8b,2025-03-19T21:40:17+00:00,gurufocus.com,https://www.gurufocus.com/news/2743233/fed-maintains-rates-tech-stocks-including-tsla-and-nvda-soar-amid-adjusted-forecasts,"Fed Maintains Rates, Tech Stocks including TSLA and NVDA Soar Amid Adjusted Forecasts",The Federal Reserve announced it would keep interest rates unchanged while adjusting economic forecasts. The US stock market responded positively with the S&P 5,"Consumer Cyclical,Financial Services,Technology",1,1,0.13255089839784667,0.6422452201396763,0.22520388146247697,2,0.040268477,0.03123459,0.92849696,2,0.7506
263c1056-9cde-46b2-97c0-2dc08c64ad7f,2025-01-02T15:00:00+00:00,finance.yahoo.com,https://finance.yahoo.com/news/1-beaten-down-stock-could-150000348.html,"1 Beaten-Down Stock That Could Soar by 50% in 2025, According to Wall Street","Biotech giant Regeneron Pharmaceuticals (NASDAQ: REGN) started 2024 on a strong note and performed well through the first half of the year.  Regeneron's stock could soar by 50% in the next year from its current levels if we go by its average price target of $1,053 (according to Yahoo!  Should investors rush to buy Regeneron's shares?","Healthcare,Technology",1,2,0.20819950998715034,0.2702996456402894,0.5215008443725603,2,0.014934594,0.060147043,0.92491835,2,0.784
d9ae0297-d234-48da-b8a5-fcdbac4d7c46,2025-05-14T18:28:45+00:00,thestockmarketwatch.com,https://thestockmarketwatch.com/stock-market-news/market-surge-continues-sp-500-turns-positive-for-2025-as-tech-stocks-lead-rally/49454/,Market Surge Continues: S&P 500 Turns Positive for 2025 as Tech Stocks Lead Rally,"The stock market showed mixed performance on Wednesday, May 14, 2025, as investors continued to digest the recent US-China trade agreement that has sparked a","Consumer Cyclical,Healthcare,Technology",2,2,0.28832861691988254,0.29890083018414465,0.41277055289597275,0,0.9621709,0.013170883,0.024658272,2,0.7783
6586be5f-47d4-4206-b2e5-078a3fade430,2025-04-05T12:00:47+00:00,benzinga.com,https://www.benzinga.com/25/04/44656265/benzinga-bulls-and-bears-nike-target-and-walmart-among-hardest-hit-following-trumps-liberation-day-tariffs,"Benzinga Bulls And Bears: Nike, Target, And Walmart Among Hardest-Hit Following Trump's 'Liberation Day' Tariffs",Benzinga examined the prospects for many investors' favorite stocks over the last week — here's a look at some of our top stories.,"Consumer Cyclical,Consumer Defensive,Healthcare,Industrials,Technology",1,0,0.5472933609584069,0.31560474045628434,0.1371018985853088,1,0.021528078,0.8879084,0.09056349,2,0.7184
c769ebcf-e1ac-4f24-a4d1-bdc968c993b9,2025-05-15T18:28:57+00:00,thestockmarketwatch.com,https://thestockmarketwatch.com/stock-market-news/market-recap-sp-500-dow-and-nasdaq-retreat-as-ppi-data-shows-tariff-impact/49462/,"Market Recap: S&P 500, Dow, and Nasdaq Retreat as PPI Data Shows Tariff Impact","The U.S. stock market retreated on Thursday, May 15, 2025, as investors digested a slew of economic data and corporate earnings reports. After a strong rally","Communication Services,Consumer Cyclical,Industrials,Technology",2,1,0.23232343407883904,0.42610738980491114,0.3415691761162498,0,0.9694863,0.02255736,0.007956361,2,0.6249
75207007-d6b2-43a7-90e8-669e4991ff34,2025-02-23T20:13:00+00:00,seekingalpha.com,https://seekingalpha.com/article/4761108-wall-street-brunch-nvidia-will-be-an-ai-litmus-test,Wall Street Brunch: Nvidia Will Be An AI Litmus Test (undefined:NVDA),Nvidia guidance will be crucial for tech bulls. Fed's favorite inflation gauge looks more benign than CPI. Warren Buffett assures investors on cash pile.,"Consumer Cyclical,Energy,Real Estate,Technology",1,0,0.3981448566167469,0.3834064906718967,0.21844865271135644,1,0.017636353,0.79180866,0.190555,2,0.7841
84efba48-8ed9-4bd0-a144-2cebab98832e,2025-02-24T14:59:27+00:00,forexlive.com,https://www.forexlive.com/technical-analysis/us-stocks-give-up-early-gains-nasdaq-index-now-down-on-the-day-20250224/,US stocks give up early gains. NASDAQ index now down on the day,The 200 hour moving average held resistance in the early bounce,Technology,2,1,0.3418765070612427,0.43780056659625033,0.22032292634250697,0,0.96466994,0.025345612,0.00998449,1,0.34
e4d9e292-52c0-43b4-8d71-6a1cd058f9ff,2025-04-07T11:00:03+00:00,gurufocus.com,https://www.gurufocus.com/news/2764371/monolithic-power-systems-inc-securities-fraud-class-action-lawsuit-pending-contact-the-gross-law-firm-before-april-7-2025-to-discuss-your-rights-mpwr,"Monolithic Power Systems Inc. Securities Fraud Class Action Lawsuit Pending: Contact The Gross Law Firm Before April 7, 2025 to Discuss Your Rights - MPWR","PR NewswireNEW YORK, April 7, 2025



NEW YORK, April 7, 2025 /PRNewswire/ -- The Gross Law Firm issues the following notice to shareholders of Monolithic Pow",Technology,0,1,0.10790495934272555,0.7641732959297537,0.12792174472752066,1,0.054896377,0.9252587,0.019844899,0,-0.8658
6a748833-83a4-480e-a0f6-225df28512b9,2025-02-21T21:39:37+00:00,forbes.com,https://www.forbes.com/sites/dereksaul/2025/02/21/dow-falls-750-points-unitedhealth-stock-drop-spurs-indexs-worst-day-of-2025/,Dow Falls 750 Points: UnitedHealth Stock Drop Spurs Index’s Worst Day Of 2025,"The selloff came as more than $2.7 trillion worth of options expired, an event which typically spurs heightened volatility.","Consumer Cyclical,Technology",0,1,0.3462981705821394,0.5117416732753116,0.14196015614254912,0,0.96976095,0.021763872,0.008475151,0,-0.6486
6130d2ee-3821-4cc5-8e0e-c992355b52f3,2025-02-22T16:00:02+00:00,gurufocus.com,https://www.gurufocus.com/news/2710093/mpwr-investors-have-opportunity-to-lead-monolithic-power-systems-inc-securities-fraud-lawsuit,"MPWR Investors Have Opportunity to Lead Monolithic Power Systems, Inc. Securities Fraud Lawsuit","PR NewswireNEW YORK, Feb. 22, 2025



NEW YORK, Feb. 22, 2025 /PRNewswire/ -- Rosen Law Firm, a global investor rights law firm, reminds purchasers of common",Technology,1,1,0.2457990864886058,0.5323904166491602,0.22181049686223395,1,0.02638021,0.8796333,0.09398651,0,-0.1779
4ba39a09-78ae-42ac-b476-29ee4fd1dcc5,2025-02-12T18:49:45+00:00,manilatimes.net,https://www.manilatimes.net/2025/02/13/tmt-newswire/globenewswire/richtech-robotics-launches-the-richtech-accelerator-program-to-bolster-ai-and-robotics-research-at-us-universities/2054870,Richtech Robotics Launches the Richtech Accelerator Program to Bolster AI and Robotics Research at U.S. Universities,"**media[539172,539173]**",Technology,1,1,0.10900415444445995,0.7671640812498065,0.12383176430573357,1,0.016759856,0.7194997,0.26374048,1,0.0
1d12e417-d159-455c-9525-88f0a16d95ac,2025-04-07T15:52:43+00:00,businessinsider.com,https://www.businessinsider.com/stock-market-crash-asia-stocks-impact-hang-seng-oil-tech-2025-4,The bulls are in full retreat: These charts show the carnage on day 3 of a stunning market plunge.,Some of the most enduringly bullish stock forecasters are changing their tunes amid three days of market chaos brought on by the trade war.,"Communication Services,Consumer Cyclical,Technology",1,1,0.18099998181266655,0.5521897046268817,0.2668103135604517,0,0.8232439,0.1524748,0.02428133,0,-0.6369
5cfba807-c0eb-4324-8af8-e167db55f383,2025-06-16T13:00:04+00:00,zacks.com,https://www.zacks.com/stock/news/2503230/investors-heavily-search-nvidia-corporation-nvda-here-is-what-you-need-to-know?cid=CS-ZC-FT-tale_of_the_tape|most_searched_stocks-2503230,Investors Heavily Search NVIDIA Corporation (NVDA): Here is What You Need to Know,"Zacks.com users have recently been watching Nvidia (NVDA) quite a bit. Thus, it is worth knowing the facts that could determine the stock's prospects.",Technology,1,1,0.11571720614382618,0.7396135846905548,0.144669209165619,1,0.020116035,0.9354928,0.044391163,2,0.4767
f162c42e-0377-4163-9cc9-94005ba09b88,2025-06-18T18:08:52+00:00,thestockmarketwatch.com,https://thestockmarketwatch.com/stock-market-news/stock-market-today-markets-rise-ahead-of-fed-decision-as-middle-east-tensions-simmer/50016/,Stock Market Today: Markets Rise Ahead of Fed Decision as Middle East Tensions Simmer,The S&P 500 gained 0.5% on Wednesday as investors awaited the Federal Reserve's interest rate decision while monitoring ongoing tensions in the Middle,"Consumer Cyclical,Technology",1,1,0.08734104085132055,0.4596167222955756,0.4530422368531039,2,0.040081408,0.028566923,0.93135166,1,0.0258
8bb950c3-a020-43f0-b830-8932b5961574,2025-04-08T13:37:38+00:00,businessinsider.com,https://www.businessinsider.com/why-stocks-are-up-today-tariffs-japan-trade-deal-trump-2025-4,Why stocks are jumping after 3 days of brutal losses,News of trade negotiations with Japan may be helping traders look past a prospective widening of the trade war with China.,"Consumer Cyclical,Technology",1,1,0.3920543765557232,0.405990548901639,0.20195507454263784,2,0.023787474,0.03495621,0.9412563,0,-0.8591
8d9b1b5b-b137-46bc-8102-264968ac8c92,2025-03-21T12:22:00+00:00,fastcompany.com,https://www.fastcompany.com/91303613/quantum-computing-stocks-down-today-d-wave-rigetti-qubt-why?partner=rss&amp;utm_source=rss&amp;utm_medium=feed&amp;utm_campaign=rss+fastcompany&amp;utm_content=rss,"Quantum computing stocks: D-Wave, Rigetti, IONQ, QUBT are falling. Blame Nvidia (again)",Shares in major quantum computing firms dropped on Thursday after an announcement from Nvidia CEO Jensen Huang. It's not the first time.,Technology,1,1,0.421516768338643,0.47636016732919245,0.10212306433216452,0,0.9721552,0.020982843,0.006861971,0,-0.2023
819969ad-fa0e-4a44-9620-1ed06c4d4d98,2025-03-28T23:18:53+00:00,cnbc.com,https://www.cnbc.com/2025/03/28/coreweave-ceo-says-debt-is-the-fuel-for-this-company.html,CoreWeave CEO says debt is 'the fuel for this company',CoreWeave CEO Michael Intrator unpacked the cloud computing company's first day trading on the Nasdaq,Technology,1,1,0.1015180418196058,0.6598819590944771,0.23859999908591714,1,0.017803246,0.8665314,0.11566539,0,-0.3612
53b7f619-f9ad-4baf-b5ca-365a1fb3a9f6,2025-03-03T18:16:14+00:00,benzinga.com,https://www.benzinga.com/insights/options/25/03/44087516/what-the-options-market-tells-us-about-advanced-micro-devices,What the Options Market Tells Us About Advanced Micro Devices - Advanced Micro Devices (NASDAQ:AMD),,Technology,1,1,0.10277914646960526,0.7416099096900195,0.15561094384037524,1,0.017684476,0.9469473,0.035368286,2,0.4588
2d699095-05b9-4b62-9af5-66fa8a062851,2025-01-05T05:09:10+00:00,jamaica-gleaner.com,https://jamaica-gleaner.com/article/business/20250105/jse-made-gains-2024,JSE made gains in 2024,"The Jamaica Stock Exchange (JSE) gained some 3.0 per cent in 2024, pushing the market to a $2.1 trillion valuation. “I expect that the trend, though marginal for 2024, will continue into 2025,” said JSE managing director Dr Marlene Street Forrest...","Financial Services,Technology",2,1,0.2518781197299961,0.4561022750851584,0.2920196051848456,2,0.018031241,0.03251911,0.94944966,2,0.6124
39086c11-ebab-496d-9534-208292b4fd68,2025-02-13T20:59:00+00:00,investing.com,https://www.investing.com/analysis/intel-stock-is-2025-the-pivotal-year-for-a-comeback-200657344,Intel Stock: Is 2025 the Pivotal Year for a Comeback?,"Stocks Analysis by The Tokenist (Timothy Fries) covering: Intel Corporation, Qualcomm Incorporated, NVIDIA Corporation, Advanced Micro Devices Inc. Read The Tokenist (Timothy Fries)'s latest article on Investing.com",Technology,1,1,0.11518875795728743,0.6884736034597385,0.19633763858297398,1,0.024510747,0.9409076,0.034581702,1,0.25
f2aeb146-7745-4507-9552-bfa7fb55165f,2025-05-02T21:11:45+00:00,pbs.org,https://www.pbs.org/newshour/economy/wall-street-sees-9th-straight-day-of-gains-reclaiming-losses-since-trumps-tariff-escalation,"Wall Street sees 9th straight day of gains, reclaiming losses since Trump’s tariff escalation",The rally was spurred by a better-than-expected report on the U.S. job market and resurgent hope for a ratcheting down in the U.S. trade showdown with China.,Technology,2,0,0.39767776604744715,0.2897635293483304,0.3125587046042225,2,0.12554225,0.028775139,0.8456827,2,0.5423
4542a8dd-23f5-4c11-a3cc-c0339b424189,2025-03-19T21:17:00+00:00,seekingalpha.com,https://seekingalpha.com/article/4768890-wall-street-lunch-powell-aims-to-make-transitory-transitory-again,Wall Street Lunch: Powell Aims To Make Transitory Transitory Again (undefined:SP500),"The Fed chief echoes COVID-era prediction as FOMC holds rates. Dot plot shows higher inflation, lower growth forecasts. Stocks climb as yields retreat.","Consumer Cyclical,Technology",2,0,0.5124889888391169,0.19189945105047276,0.29561156011041034,0,0.90786153,0.032804422,0.05933395,1,0.296
a7a780f2-82fc-45e1-8359-30e54b912a85,2025-05-14T18:17:00+00:00,seekingalpha.com,https://seekingalpha.com/article/4786671-wall-street-lunch-semiconductor-sector-gains-following-saudi-ai-deal,Wall Street Lunch: Semiconductor Sector Gains Following Saudi AI Deal (undefined:CSCO),Chip and AI stocks are getting their mojo back with Mideast deals. AMD announces $6B buyback. Starbucks baristas strike over dress code.,Technology,1,1,0.33438716258892287,0.3432939175538829,0.3223189198571943,0,0.88883764,0.074953206,0.036209088,1,0.2263
23706c26-f33d-495b-a882-ec6d063936bc,2025-03-13T14:48:00+00:00,zacks.com,https://www.zacks.com/stock/news/2429811/the-zacks-analyst-blog-highlights-taiwan-semiconductor-manufacturing-nvidia-intuit-and-sp-global?cid=CS-ZC-FT-press_releases-2429811,"The Zacks Analyst Blog Highlights Taiwan Semiconductor Manufacturing, NVIDIA, Intuit and S&P Global","Taiwan Semiconductor Manufacturing, NVIDIA, Intuit and S&P Global are part of the Zacks top Analyst Blog.",Technology,2,1,0.21697136689751484,0.49329388953534253,0.2897347435671428,1,0.02538512,0.9489876,0.025627246,1,0.2023
9443601e-960c-4260-b21a-b208ad2a98a8,2025-03-11T13:35:26+00:00,forexlive.com,https://www.forexlive.com/technical-analysis/us-major-indices-open-lower-sp-below-its-200-day-moving-average-20250311/,US major indices open lower. S&P below its 200 day moving average.,Pre-market gains are erased,Technology,1,0,0.4251880795986179,0.37509870854653304,0.19971321185484922,0,0.96531194,0.021781674,0.012906378,1,0.0516
004ab183-da72-4dca-8d4b-7a1a9cf64bcd,2025-03-23T23:57:54+00:00,acquirersmultiple.com,https://acquirersmultiple.com/2025/03/value-after-hours-s07-e11-christopher-bloomstran-on-warren-buffett-brk-berkshire-spy-valuation-and-debt/,"VALUE: After Hours (S07 E11): Christopher Bloomstran on Warren Buffett, $BRK Berkshire, $SPY Valuation and Debt",,"Consumer Cyclical,Consumer Defensive,Technology",2,1,0.374222692875704,0.4759549435799352,0.14982236354436074,1,0.024373036,0.94498575,0.030641291,1,0.1613
c735c38d-072b-4cb1-a563-a1785050a87d,2025-02-25T07:09:09+00:00,financemagnates.com,https://www.financemagnates.com/cryptocurrency/why-is-bitcoin-price-down-today-btc-falls-under-91k-testing-november-2024-lows/,"Why Is Bitcoin Price Down Today? BTC Falls Under $91K, Testing November 2024 Lows","Bitcoin falls below $91K due to Trump’s tariffs, market stagnation, and ETF outflows. Why is Bitcoin price down today? Explore the latest crypto crash reasons.",Technology,0,0,0.6029897139846606,0.2718920902500013,0.12511819576533803,0,0.8628803,0.11992134,0.017198334,0,-0.594
a4b7491c-f213-43cb-a87c-13124816fc1e,2025-02-17T18:32:47+00:00,economictimes.indiatimes.com,https://economictimes.indiatimes.com/news/international/us/nvidias-ai-dominance-remains-intact-despite-challenges-from-deepseek/articleshow/118337759.cms,Nvidia’s AI dominance remains intact despite challenges from DeepSeek,"Despite concerns over DeepSeek's AI breakthrough, Nvidia's strong industry links and the ongoing demand for AI infrastructure have kept its growth outlook solid.","Communication Services,Technology",2,2,0.1980608525245983,0.23566589261347196,0.5662732548619298,2,0.017889604,0.025243886,0.95686644,2,0.8115
e488caed-5484-4eef-abfb-e6f3fdd76d8f,2025-05-02T13:00:12+00:00,zacks.com,https://www.zacks.com/stock/news/2461034/advanced-micro-devices-inc-amd-is-attracting-investor-attention-here-is-what-you-should-know?cid=CS-ZC-FT-tale_of_the_tape|most_searched_stocks-2461034,"Advanced Micro Devices, Inc. (AMD) is Attracting Investor Attention: Here is What You Should Know","Zacks.com users have recently been watching Advanced Micro (AMD) quite a bit. Thus, it is worth knowing the facts that could determine the stock's prospects.",Technology,1,1,0.09564504361958699,0.734713403290552,0.169641553089861,1,0.015955178,0.9196767,0.064368084,2,0.8481
c13d7af5-5696-4cb7-b4b4-7129fe3a5050,2025-01-06T22:56:08+00:00,investing.com,https://www.investing.com/news/stock-market-news/samsung-q4-earnings-expected-to-be-hit-by-nvidia-ai-chip-supply-delay-3798787,Samsung Q4 earnings expected to be hit by Nvidia AI chip supply delay By Reuters,Samsung Q4 earnings expected to be hit by Nvidia AI chip supply delay,Technology,2,0,0.5991812187512936,0.1813773257939687,0.2194414554547377,0,0.9449508,0.04464338,0.010405806,0,-0.5574
0d859ab3-f753-4eff-856a-fc7e372ab037,2025-06-03T12:26:37+00:00,zerohedge.com,https://www.zerohedge.com/market-recaps/us-futures-drop-after-ugly-china-pmi-print-oecd-cuts-global-outlook,"US Futures Drop After Ugly China PMI Print, OECD Cuts Global Outlook","ZeroHedge - On a long enough timeline, the survival rate for everyone drops to zero","Basic Materials,Communication Services,Consumer Cyclical,Industrials,Technology",0,0,0.5226379421765551,0.25518090793662007,0.22218114988682486,0,0.96795446,0.02288117,0.009164325,0,-0.765
c079c96d-be23-48e9-83b2-69dce39f1f3e,2025-03-14T13:49:00+00:00,zacks.com,https://www.zacks.com/stock/news/2430284/zacks-market-edge-highlights-tesla-nvidia-jpmorgan-chase-exxon-mobil-and-novo-nordisk?cid=CS-ZC-FT-press_releases-2430284,"Zacks Market Edge Highlights: Tesla, NVIDIA, JPMorgan Chase, Exxon Mobil and Novo Nordisk","Tesla, NVIDIA, JPMorgan Chase, Exxon Mobil and Novo Nordisk are part of the Zacks Market Edge blog.","Consumer Cyclical,Energy,Financial Services,Technology",2,1,0.227470168003642,0.5337302719222964,0.23879956007406158,1,0.024570426,0.94868654,0.026743038,1,0.0
ea7163af-b02a-457e-b794-3a31797a4a76,2025-03-27T20:29:16+00:00,finance.yahoo.com,https://finance.yahoo.com/news/asian-stocks-resume-selloff-trump-224423097.html,Stocks Fall as Trade War Clouds Economic Outlook: Markets Wrap,"(Bloomberg) -- Stocks fell after the US pushed ahead with tariffs on automakers, reinforcing concern about a widening trade war and offsetting data that showed faster-than-estimated growth in the world’s largest economy.Most Read from BloombergThey Built a Secret Apartment in a Mall. Now the Mall Is Dying.Why Did the Government Declare War on My Adorable Tiny Truck?How SUVs Are Making Traffic WorseTrump Slashed International Aid. Geneva Is Feeling the Impact.These US Bridges Face High Risk of Ca","Consumer Cyclical,Technology",2,0,0.5392750636333522,0.24419624896583098,0.2165286874008169,0,0.96808183,0.021554343,0.010363893,0,-0.8555
f8fbc868-a37d-4f67-b7d8-bdad083ad78c,2025-05-14T12:24:21+00:00,economictimes.indiatimes.com,https://economictimes.indiatimes.com/news/international/us/nvidia-hits-the-jackpot-following-the-u-s-china-trade-truce-heres-why-jensen-huang-is-smiling-all-the-way/articleshow/121163731.cms,Nvidia hits the jackpot following the U.S.-China trade truce; here's why Jensen Huang is smiling all the way,"Nvidia's stock rises over 5% following a U.S.-China tariff pause, with analysts calling it the biggest winner due to AI investments and a significant deal with Saudi Arabia. Learn how the trade truce impacts Nvidia's position in the chip market and AI revolution.",Technology,1,1,0.1578659171492465,0.4454487129297584,0.396685369920995,2,0.019811932,0.16700442,0.8131836,2,0.8225
e8ae1575-82b2-46d3-b2a8-6aae0cce8095,2025-03-03T22:10:29+00:00,thehindubusinessline.com,https://www.thehindubusinessline.com/markets/wall-street-falls-trump-25-percent-tariffs-mexico-canada/article69287618.ece,"Wall Street sinks as Trump confirms 25% tariffs on Canada, Mexico","Wall Street indexes plummet after Trump announces tariffs, with S&P 500's biggest drop since December 18.","Consumer Cyclical,Technology",1,1,0.3105976779533745,0.5241035928787142,0.16529872916791127,0,0.96895,0.023253294,0.007796669,0,-0.2732
eb40682e-834c-46ca-9f29-335dc638a709,2025-03-04T19:53:28+00:00,cnbc.com,https://www.cnbc.com/2025/03/04/nvidia-shares-jump-and-honeywell-makes-an-acquisition-despite-breakup-plan.html,"Nvidia shares jump, and Honeywell makes an acquisition despite breakup plan","Every weekday, the Investing Club releases the Homestretch; an actionable afternoon update just in time for the last hour of trading.","Communication Services,Consumer Cyclical,Technology",2,2,0.2217679342020802,0.3173393318252412,0.46089273397267855,1,0.036898386,0.9202909,0.04281075,1,0.296
7f5beebf-7321-43a5-93dd-ae686ba78ae5,2025-06-02T15:00:04+00:00,gurufocus.com,https://www.gurufocus.com/news/2901902/hewlett-packard-enterprise-enhances-robust-compute-platforms-for-missioncritical-operations,Hewlett Packard Enterprise Enhances Robust Compute Platforms for Mission-Critical Operations,"[url=""]Hewlett Packard Enterprise[/url] (NYSE: HPE) announced two additions to its line of fault-tolerant HPE Nonstop Compute solutions, offering enterprises m",Technology,2,1,0.12865132204249743,0.6728533479246183,0.19849533003288428,2,0.009027115,0.10346822,0.88750476,2,0.4767
ab06f757-9d5f-4269-9db2-41602795f670,2025-05-08T15:50:08+00:00,insidermonkey.com,https://www.insidermonkey.com/blog/billionaire-chris-rokos-10-stock-picks-with-huge-upside-potential-1527522/,Billionaire Chris Rokos’ 10 Stock Picks with Huge Upside Potential,One of the traits that define investors who become billionaires is the ability to make money regardless of market conditions. Chris Rokos is one example.,Technology,2,1,0.27316084116370953,0.4531071715600778,0.2737319872762126,1,0.022132127,0.90890336,0.06896455,2,0.5574
bac372fe-f308-46ad-b985-34950a599213,2025-03-07T21:17:37+00:00,businessinsider.com,https://www.businessinsider.com/stock-market-this-week-sell-off-trump-tariffs-trade-doge-2025-3,4 charts that explain the stock market's worst week in 6 months,Tariffs and sweeping DOGE cuts have fueled intense volatility as investors' outlook for markets and the economy in 2025 dims.,Technology,1,2,0.31602471530861703,0.33349867144566936,0.3504766132457136,0,0.9530629,0.022683345,0.024253743,0,-0.7184
e9b0df63-b62b-4e3b-8c66-32fd4df3c595,2025-06-06T13:00:13+00:00,zacks.com,https://www.zacks.com/stock/news/2487220/is-trending-stock-advanced-micro-devices-inc-amd-a-buy-now?cid=CS-ZC-FT-tale_of_the_tape|most_searched_stocks-2487220,"Is Trending Stock Advanced Micro Devices, Inc. (AMD) a Buy Now?","Zacks.com users have recently been watching Advanced Micro (AMD) quite a bit. Thus, it is worth knowing the facts that could determine the stock's prospects.",Technology,1,1,0.0877738685918617,0.6536267065993338,0.2585994248088046,1,0.016347371,0.9247997,0.058853015,2,0.7269
e187ee88-e194-47d8-a86b-78838c1c00f1,2025-05-03T22:15:00+00:00,finance.yahoo.com,https://finance.yahoo.com/news/nvidia-just-got-first-sell-221500344.html,Nvidia Just Got Its First Sell Rating From Wall Street -- Should Investors Be Worried?,"Seaport Global Securities analyst Jay Goldberg just issued a sell rating on the stock and a new price target that is the lowest on Wall Street.  The artificial intelligence chip king, Nvidia (NASDAQ: NVDA), has been on a long, dominant run for several years now.  Seaport Global Securities analyst Jay Goldberg recently downgraded Nvidia to a sell rating and issued a $100 price target, the lowest on Wall Street.",Technology,0,1,0.2950324858843496,0.4976153634637701,0.20735215065188023,0,0.91055304,0.07890956,0.010537421,1,0.3182
4ca489d4-e35d-477b-b11b-341c6e1714cd,2025-03-18T23:30:00+00:00,thesmartinvestor.com.sg,https://thesmartinvestor.com.sg/5-singapore-technology-stocks-you-can-consider-for-your-growth-portfolio/,5 Singapore Technology Stocks You Can Consider for Your Growth Portfolio,"With the technology sector booming in the US, here’s how you can gain exposure to this promising industry.",Technology,2,2,0.14771490553586888,0.27742319319060005,0.5748619012735311,1,0.008999626,0.7251081,0.26589227,2,0.8452
e3f51206-2d8b-480e-bdad-e2d69cbf4e34,2025-03-13T20:17:48+00:00,benzinga.com,https://www.benzinga.com/insights/options/25/03/44316218/nvidias-options-a-look-at-what-the-big-money-is-thinking,NVIDIA's Options: A Look at What the Big Money is Thinking - NVIDIA (NASDAQ:NVDA),,Technology,1,1,0.11596546315427447,0.737630559382224,0.14640397746350148,1,0.014254115,0.9379936,0.047752295,1,0.0
942504cd-129b-4157-9b73-cef1a9b72f1b,2025-03-24T22:17:54+00:00,medium.com,https://burningw0rds.medium.com/charting-top-semiconductor-companies-769e8f8b6285,Charting top semiconductor companies,"“Vibecoding” in Pinescript can create novel data visualizations for global financial markets. For example, Grok was able to produce (after a lot of human-generated prodding) a decent script for…",Technology,2,1,0.11114579431623385,0.6276929664201112,0.2611612392636549,1,0.009343692,0.70970285,0.28095347,2,0.6369
a023cdce-8d09-4a3f-8be8-3446481047e4,2025-05-05T11:20:49+00:00,businessmirror.com.ph,https://businessmirror.com.ph/2025/05/05/big-tech-earnings-defy-fears-of-worst-case-scenario-for-stocks/,Big Tech earnings defy fears of ‘worst-case scenario’ for stocks,"Investors in the US technology behemoths that dominate the S&P 500 Index are breathing a sigh of relief as last week’s earnings reports from the group show their outlooks remain mostly strong in the face of President Donald Trump’s shifting trade policies. One after another, tech giants from Amazon.com Inc.…","Communication Services,Consumer Cyclical,Technology",2,0,0.4016228088655859,0.31133172550766874,0.2870454656267453,2,0.07655775,0.035156388,0.88828593,2,0.4939
3726f0a9-1880-4157-a1da-8ac90121e87b,2025-01-04T16:09:00+00:00,finance.yahoo.com,https://finance.yahoo.com/news/does-robert-kiyosakis-bullish-2025-160900772.html,Does Robert Kiyosaki's Bullish 2025 Bitcoin Prediction Make Sense?,Check out how the,Technology,1,1,0.12097124306976018,0.7073665614689938,0.17166219546124611,1,0.017392762,0.91504467,0.06756254,1,0.0
e090a0fa-ae60-483c-988b-01a4817915fe,2025-01-03T17:44:07+00:00,cnbc.com,https://www.cnbc.com/2025/01/03/how-to-rebalance-your-portfolio-after-lofty-stock-returns-in-2024.html,Why it's time to tweak your investments after lofty stock returns in 2024,Investors may need to tweak their portfolio holdings following a 23% gain in the S&P 500 index in 2024.,"Communication Services,Consumer Cyclical,Technology",0,1,0.13577815784604594,0.6833555999682913,0.18086624218566266,2,0.03419821,0.24531327,0.7204885,2,0.5267
22efe97f-e4b1-4a52-9a83-21adb04e83e3,2025-06-06T20:56:57+00:00,theetfbully.com,https://theetfbully.com/2025/06/etf-tracker-newsletter-for-june-6-2025/,"ETF Tracker Newsletter For June 6, 2025","ETF Tracker StatSheet           You can view the latest version here. GOLDILOCKS JOBS REPORT LIFTS MARKETS—BUT INFLATION CLOUDS LOOM [Chart courtesy of MarketWatch.com] The much-anticipated May jobs report landed with a bit of a surprise—U.S. payrolls rose by 139,000, beating expectations of 125,000. While that’s a step down from April’s revised 147,000, it wasn’t enough to push the Fed into ... Read More","Consumer Cyclical,Technology",0,1,0.1221133979440472,0.46877550277101826,0.40911109928493444,2,0.4629404,0.040339068,0.49672052,0,-0.4824
b992168c-aa32-4df4-a55b-a4b8182aff5c,2025-04-04T15:39:33+00:00,investopedia.com,https://www.investopedia.com/nasdaq-on-track-for-bear-market-as-trump-tariff-stock-sell-off-continues-11709179,Nasdaq On Track for Bear Market as Trump Tariff Stock Sell-Off Continues,The Nasdaq Composite was on track to fall into a bear market on Friday as the tariff-induced global stock sell-off deepened.,"Consumer Cyclical,Technology",0,1,0.22656843433508914,0.5797700059037962,0.19366155976111454,0,0.9655956,0.020773659,0.013630742,1,0.0
ec2666c3-ce3e-4ea6-8b88-c3993788c8fb,2025-03-18T19:58:00+00:00,manilatimes.net,https://www.manilatimes.net/2025/03/19/tmt-newswire/globenewswire/nvidia-blackwell-ultra-dgx-superpod-delivers-out-of-the-box-ai-supercomputer-for-enterprises-to-build-ai-factories/2075660,NVIDIA Blackwell Ultra DGX SuperPOD Delivers Out-of-the-Box AI Supercomputer for Enterprises to Build AI Factories,"**media[570072,570073]**",Technology,2,1,0.1719843381616662,0.6635912106362972,0.16442445120203647,1,0.010342276,0.8205179,0.16913986,1,0.0
890778a9-7019-4e78-a3f5-e42abdbbc019,2025-06-09T22:23:31+00:00,seekingalpha.com,https://seekingalpha.com/article/4793540-nvidia-its-all-about-growth,Nvidia: It's All About Growth (NASDAQ:NVDA),Explore Nvidia Corporation's growth potential and valuation using PEG ratio analysis. Click for my updated look at NVDA stock as I compare it to Microsoft (MSFT).,Technology,2,1,0.10273967303062051,0.5145799856240921,0.3826803413452873,1,0.010324126,0.90962166,0.08005426,2,0.6369
1461f17c-cf85-4f35-b253-487ad5938142,2025-02-10T14:00:16+00:00,zacks.com,https://www.zacks.com/stock/news/2412593/investors-heavily-search-advanced-micro-devices-inc-amd-here-is-what-you-need-to-know?cid=CS-ZC-FT-tale_of_the_tape|most_searched_stocks-2412593,"Investors Heavily Search Advanced Micro Devices, Inc. (AMD): Here is What You Need to Know","Advanced Micro (AMD) has received quite a bit of attention from Zacks.com users lately. Therefore, it is wise to be aware of the facts that can impact the stock's prospects.",Technology,1,1,0.14412798823087958,0.666791464299642,0.1890805474694783,1,0.07453864,0.8809331,0.044528306,2,0.8074
4da8553a-0d49-4768-9ac9-f72a94ee7c5e,2025-01-04T13:30:00+00:00,finance.yahoo.com,https://finance.yahoo.com/news/advanced-micro-devices-amd-stock-133000829.html,Is Advanced Micro Devices (AMD) Stock a Buy Now?,"Wall Street left AMD in the dust in 2024, but that could soon change in a big way.",Technology,1,1,0.13108673848524685,0.6457620836732689,0.22315117784148417,1,0.03531085,0.8930719,0.07161728,1,0.128
796c0e72-4e2f-4a79-af13-5cf613bca0f8,2025-03-11T18:53:48+00:00,rttnews.com,https://www.rttnews.com/3520556/stocks-come-off-day-s-lows-nasdaq-s-p-up-marginally.aspx?type=ts,"Stocks Come Off Day's Lows; Nasdaq, S&P Up Marginally",U.S. stocks remain mostly weak Tuesday afternoon despite coming off earlier lows amid volatility as worries about global growth and fears of a potential recession in U.,"Communication Services,Consumer Cyclical,Healthcare,Industrials,Technology",1,0,0.5790236927701222,0.18870215595379702,0.23227415127608075,0,0.9660751,0.011462763,0.0224621,0,-0.8834
b4ff08b0-66db-465b-a08a-411c7002a678,2025-05-14T21:27:44+00:00,insidermonkey.com,https://www.insidermonkey.com/blog/advanced-micro-devices-inc-amd-gains-boost-as-bank-of-america-raises-target-on-ai-deal-momentum-1533776/,"Advanced Micro Devices, Inc. (AMD) Gains Boost As Bank Of America Raises Target On AI Deal Momentum","We recently published a list of Top 10 AI Stocks Making Headlines on Wall Street. In this article, we are going to take a look at where Advanced Micro Devices, Inc.",Technology,2,1,0.22027316146628625,0.5118904807558411,0.2678363577778727,2,0.018536167,0.28097275,0.70049113,2,0.836
9422ac66-0b28-47ab-9326-54d93061cb35,2025-02-10T04:00:34+00:00,ft.com,https://www.ft.com/content/794d62b6-30c9-47d3-9d17-80f5e86c867f,Arm CEO on the future of AI and why he is not afraid of DeepSeek,Rene Haas has reshaped chipmaker’s business to focus on royalties rather than fees,"Healthcare,Technology",1,1,0.09798437744750975,0.5161804542248385,0.38583516832765175,1,0.027536923,0.8546638,0.11779932,1,0.0
63d78ced-29be-42e5-aae5-f2b7f5d91b43,2025-03-08T13:00:47+00:00,benzinga.com,https://www.benzinga.com/25/03/44209030/benzinga-bulls-and-bears-broadcom-chargepoint-bigbear-ai-and-tariff-whiplash-confounds-markets,"Benzinga Bulls And Bears: Broadcom, ChargePoint, BigBear.ai — And Tariff Whiplash Confounds Markets Benzinga Bulls And Bears: Broadcom, ChargePoint, BigBear.ai — And Tariff Whiplash Confounds Markets",Benzinga examined the prospects for many investors' favorite stocks over the last week — here's a look at some of our top stories.,"Consumer Cyclical,Financial Services,Industrials,Technology",2,1,0.3011391675589482,0.419814630110148,0.2790462023309037,1,0.019689202,0.925762,0.054548774,2,0.7184
770211c6-ddfe-4d98-aaef-785387e53add,2025-06-30T18:52:41+00:00,seekingalpha.com,https://seekingalpha.com/news/4463948-advanced-micro-devices-shares-snap-six-session-winning-streak,Advanced Micro Devices shares snap six-session winning streak (NASDAQ:AMD),"AMD stock slips after six days of gains but remains up 26% this month. Analysts highlight growth in AI and GPU markets, deeming AMD undervalued.",Technology,2,1,0.12826892686100946,0.5659836440650954,0.30574742907389524,2,0.3017212,0.022896005,0.6753829,2,0.8885
1c95321b-5629-4597-ad47-06f30f1e2252,2025-03-15T14:02:00+00:00,forbes.com,https://www.forbes.com/sites/michaelfoster/2025/03/15/this-156-dividend-is-a-smart-buy-the-dip-play/,This 15.6% Dividend Is A Smart ‘Buy The Dip’ Play,"There are two things I need to bring to your attention right now, especially if you’re an income investor (Hint: 1 is a monster dividend yield!)",Technology,1,2,0.10132948780527552,0.321585278157151,0.5770852340375734,1,0.03535044,0.92150295,0.04314658,2,0.6588
813b60b1-cba1-4eab-baf3-95a338c62aac,2025-06-27T20:53:14+00:00,theetfbully.com,https://theetfbully.com/2025/06/etf-tracker-newsletter-for-june-27-2025/,"ETF Tracker Newsletter For June 27, 2025","ETF Tracker StatSheet           You can view the latest version here. MARKETS CLIMB THE WALL OF WORRY—BUT FOR HOW LONG? [Chart courtesy of MarketWatch.com] The markets kicked off the day riding yesterday’s momentum, with the S&P 500 reclaiming its February record. Optimism was fueled by hopes of progress on trade deals—especially after Commerce Secretary Lutnick confirmed a finalized trade framework ... Read More",Technology,2,1,0.11234872028791763,0.5521822579027323,0.33546902180935,2,0.024958305,0.08244046,0.8926013,2,0.891
4049ecc3-17d8-4f6f-a99e-a43e590ed80c,2025-03-12T21:05:07+00:00,investopedia.com,https://www.investopedia.com/s-and-p-500-gains-and-losses-today-tech-stocks-bounce-back-after-soft-inflation-data-11695355,S&P 500 Gains and Losses Today: Tech Stocks Bounce Back After Soft Inflation Data,"The S&P 500 added 0.5% on Wednesday, March 12, after a key inflation report showed consumer prices increased at a slower-than-expected pace last month.","Consumer Cyclical,Consumer Defensive,Technology",1,0,0.410165834294226,0.35330432838869685,0.23652983731707722,2,0.20543766,0.018170608,0.77639174,1,0.2023
1065cddb-a644-45a7-8196-de6f642acdd2,2025-02-21T16:51:25+00:00,seekingalpha.com,https://seekingalpha.com/article/4760715-nvidia-golden-buying-opportunity-before-earnings,Nvidia: A Golden Buying Opportunity Before Earnings (NASDAQ:NVDA),"Discover why Nvidia Corporation's undervalued stock could soar, with analysts predicting strong earnings and YOY growth. Click for my NVDA earnings preview.",Technology,2,2,0.1512717790796213,0.2030899431142436,0.6456382778061351,2,0.01917741,0.26000246,0.7208201,2,0.8271
8d927e47-4635-4294-b287-ca632fb72112,2025-01-07T23:19:19+00:00,investors.com,https://www.investors.com/market-trend/stock-market-today/dow-jones-futures-market-sells-off-nvidia-palantir-tumble/,"Dow Jones Futures: Stock Market Sells Off As Nvidia, Palantir Tumble; What To Do Now",Dow Jones futures: The stock market sold off Tuesday as Treasury yields rose and Nvidia led growth stocks lower. Here's what to do now.,"Consumer Cyclical,Technology",1,2,0.18924485214432277,0.18287158150980765,0.6278835663458696,1,0.32053524,0.6400344,0.03943032,1,0.296
78fdac9c-b884-4e7d-92d6-1b08c874bb23,2025-04-08T20:37:57+00:00,cnbc.com,https://www.cnbc.com/2025/04/08/apple-slide-puts-microsoft-back-on-top-as-most-valuable-public-company.html,Apple's 4-day slide puts Microsoft back on top as most valuable company,"Among the tech megacap companies, Apple has been the hardest hit President Trump's tariffs.",Technology,2,1,0.2679412158405378,0.575041654891066,0.1570171292683962,0,0.9168463,0.03304176,0.05011196,2,0.6361
dca50edc-2a0a-4cbf-9865-8fc85bdba151,2025-03-28T19:05:00+00:00,zacks.com,https://www.zacks.com/stock/news/2437060/is-ionq-stock-the-next-nvidia-and-worth-buying-now?cid=CS-ZC-FT-analyst_blog|investment_ideas-2437060,Is IONQ Stock the Next NVIDIA and Worth Buying Now?,"With quantum computing being a rising tech trend, can IonQ mimic NVIDIA's success?",Technology,1,1,0.0929792456563759,0.6745787450122772,0.23244200933134693,1,0.009969905,0.77538186,0.21464828,2,0.7149
c145b9b6-9e04-441a-8f70-7dee35287f01,2025-02-09T18:10:48+00:00,cnbc.com,https://www.cnbc.com/2025/02/09/here-are-the-3-things-were-watching-in-the-stock-market-this-week.html,Here are the 3 things we're watching in the stock market this week,Rekindled inflation concerns and President Donald Trump threatening reciprocal tariffs Friday slammed Wall Street.,"Basic Materials,Communication Services,Consumer Cyclical,Healthcare,Industrials,Technology",0,1,0.1853659751403696,0.6676648193912081,0.14696920546842238,0,0.759709,0.21140303,0.02888794,0,-0.5267
906d48a9-f8e4-4a50-a0c2-dba7bf685fdf,2025-02-07T14:26:25+00:00,forexlive.com,https://www.forexlive.com/news/us-stocks-are-marginally-higher-after-the-us-jobs-report-20250207/,US stocks are marginally higher after the US jobs report,Stronger jobs report and higher yields not hurting stocks in premarket,Technology,2,0,0.4129472133574104,0.30280750188692734,0.2842452847556621,2,0.063354984,0.02602919,0.91061586,2,0.5938
74a5dd24-1209-49ef-8c5e-2e4a4eb214dc,2025-03-10T18:02:16+00:00,fortuneindia.com,https://www.fortuneindia.com/markets/us-stocks-slump-up-to-4-on-trumps-recession-remark-tesla-shares-skid-12/121059,U.S. stocks slump up to 4% on Trump’s recession remark; Tesla shares skid 12%,"Reacting to Trump’s recession remark, Nasdaq Composite dropped as much as 3.9%, while the Dow Jones and the S&P 500 index fell up to 2.5%.","Communication Services,Consumer Cyclical,Technology",2,0,0.7289223834714719,0.23209364984753902,0.0389839666809891,0,0.9724945,0.019600052,0.007905506,0,-0.5267
fc31437c-75ed-4d0b-a2f4-a8a0cb555019,2025-06-07T17:59:09+00:00,thestockmarketwatch.com,https://thestockmarketwatch.com/stock-market-news/dow-jones-monthly-report-june-2025/49698/,Dow Jones: Monthly Report June 2025,June 2025 opened with remarkable strength as U.S. equity markets extended their impressive rally from May's stellar performance. The Dow Jones Industrial,"Consumer Cyclical,Technology",2,1,0.1508318321178786,0.5442728174976483,0.3048953503844732,2,0.022814967,0.037208036,0.93997693,2,0.8779
5932d2bc-c67b-4ff7-9f38-c96cc9aee3da,2025-03-04T14:15:33+00:00,wallstreetpit.com,https://wallstreetpit.com/124721-super-micro-stock-continues-its-downward-slide/,Super Micro Stock Continues Its Downward Slide,"Super Micro Computer (SMCI) shares fell $1.98 or 5.49% to $34.24 in premarket trading Tuesday, extending a 21% decline over five sessions and a 67% drop year-over-year, despite avoiding Nasdaq (^IXIC) delisting last week. The company’s turbulence since August last year, marked by accounting concerns and regulatory scrutiny, continues to…",Technology,0,0,0.5349610337685899,0.1675615887491502,0.29747737748225983,0,0.97526574,0.016389452,0.008344698,2,0.8731
a6c80f96-b1c6-40a9-9f5d-4f88ac3edef4,2025-06-23T16:33:00+00:00,finance.yahoo.com,https://finance.yahoo.com/news/predict-magnificent-seven-stock-crush-163300908.html,"I Predict This ""Magnificent Seven"" Stock Will Crush Expectations",Nvidia could sizzle as the other six stocks slump.,"Communication Services,Consumer Cyclical,Technology",1,1,0.34112858751446834,0.40899183716040755,0.2498795753251242,0,0.9656843,0.024754433,0.009561324,2,0.5106
561b2f1d-2539-4ea4-81e4-b2ad09d63896,2025-01-05T16:30:00+00:00,finance.yahoo.com,https://finance.yahoo.com/news/artificial-intelligence-ai-company-gained-163000846.html,"This Artificial Intelligence (AI) Company Gained $2 Trillion in Value Last Year, and Wall Street Thinks It Could Be Headed Much Higher in 2025",Nvidia gained $2 trillion in value during 2024 and is now one of the biggest companies in the world by market cap.,Technology,2,1,0.07473801405041267,0.7770715197865027,0.14819046616308465,2,0.012304051,0.45311633,0.53457963,2,0.9022
6883d62a-8870-4991-839f-1942ab6469d6,2025-03-04T01:05:03+00:00,timesofindia.indiatimes.com,https://timesofindia.indiatimes.com/business/international-business/us-stocks-sp-dow-jones-trump-tariff-concerns-wall-street/articleshow/118694929.cms,US stocks: Dow drops nearly 650 points on Trump tariff concerns,"US stocks dropped significantly after President Trump announced tariffs on Canada and Mexico. The S&P 500, Dow Jones, and Nasdaq saw big falls amid co","Consumer Cyclical,Technology",0,0,0.5084037560009367,0.3616598604636939,0.1299363835353695,0,0.9702181,0.016356755,0.013425156,1,0.0
e3f34ba0-25dd-4926-ab26-61b004489b56,2025-02-14T14:45:00+00:00,forbes.com,https://www.forbes.com/councils/forbesbusinesscouncil/2025/02/14/changing-direction-what-leaders-can-learn-from-past-brand-blunders/,Changing Direction: What Leaders Can Learn From Past Brand Blunders,"Despite their hold on the market, these companies were hit hard by changing times. Here are four takeaways for leaders navigating uncertainty today.",Technology,0,0,0.38622786340952203,0.35823791417217293,0.25553422241830503,1,0.053771723,0.8890139,0.057214424,0,-0.4215
cf59c522-5284-4495-b407-0f158c9aed1f,2025-05-15T15:50:00+00:00,zerohedge.com,https://www.zerohedge.com/markets/patience-see-not-guess,"""Patience To See, Not To Guess""","ZeroHedge - On a long enough timeline, the survival rate for everyone drops to zero",Technology,0,0,0.3795426386522911,0.30378475200829586,0.3166726093394131,0,0.883271,0.09132426,0.025404878,1,0.0
7dfcfaf1-77a2-4777-96f1-278200eb9302,2025-02-17T22:28:35+00:00,thestockmarketwatch.com,https://thestockmarketwatch.com/stock-market-news/market-recap-u-s-markets-closed-for-presidents-day-as-global-stocks-show-mixed-performance/48927/,Market Recap: U.S. Markets Closed for Presidents’ Day as Global Stocks Show Mixed Performance,"On Monday, February 17, 2025, U.S. financial markets, including the New York Stock Exchange (NYSE) and Nasdaq, remained closed in observance of Presidents'","Consumer Cyclical,Consumer Defensive,Industrials,Technology",1,1,0.17826776106964842,0.6622717338746587,0.15946050505569292,0,0.9361277,0.053475715,0.010396553,1,0.0
e8fca266-efb2-4730-ac68-ae7d691ad88f,2025-01-04T22:30:00+00:00,zerohedge.com,https://www.zerohedge.com/markets/2024-review-another-20-year-whats-next,2024 Review – Another 20% Year. What's Next?,"ZeroHedge - On a long enough timeline, the survival rate for everyone drops to zero",Technology,0,2,0.34281791545002105,0.23748736830702646,0.4196947162429525,0,0.9042175,0.07539973,0.020382907,1,0.0
e46575e0-91c8-403d-8c42-b5401200180d,2025-06-25T21:55:00+00:00,under30ceo.com,https://www.under30ceo.com/wall-street-dips-as-middle-east-tensions-rise/,Wall Street dips as Middle East tensions rise,"Wall Street experiences a dip amid escalating tensions in the Middle East, causing market uncertainties.",Technology,0,1,0.1324664899822377,0.44865263199271904,0.4188808780250433,0,0.96209496,0.011415543,0.026489504,0,-0.7783
1afc7a75-f6dd-4692-8825-22cda8b39592,2025-06-25T12:00:43+00:00,economictimes.indiatimes.com,https://economictimes.indiatimes.com/news/international/us/us-stock-market-futures-steady-as-dow-sp-500-nasdaq-hover-near-record-highs-amid-fed-rate-cut-hopes-and-middle-east-ceasefire-stability/articleshow/122070365.cms,"US stock market futures steady as Dow, S&P 500, Nasdaq hover near record highs amid Fed rate cut hopes and Middle East ceasefire stability","US Stock market today remains steady as Dow, S&P 500, and Nasdaq futures trade flat near record highs. Hopes for interest rate cuts grew after Fed Chair Jerome Powell signaled that rate reductions could happen “sooner rather than later.” Investors are closely watching Powells second round of testimony today and the upcoming May PCE inflation report, the Feds preferred inflation gauge. Meanwhile, calm in the Middle East, thanks to a US-brokered ceasefire between Israel and Iran under President Trump, is adding stability. Traders now await key data to see if a fresh rally can push markets to all-time highs.",Technology,2,1,0.14110498745563393,0.5646619680389626,0.2942330445054035,2,0.27765033,0.101031065,0.62131864,2,0.9042
ae2c4723-4937-495f-bbb4-c668e8383c14,2025-06-10T20:52:08+00:00,manilatimes.net,https://www.manilatimes.net/2025/06/11/tmt-newswire/globenewswire/iren-announces-proposed-convertible-notes-offering/2131074,IREN announces proposed convertible notes offering,**media[651165]**,Technology,1,1,0.18244320712929782,0.6788216588879349,0.13873513398276735,1,0.0306371,0.9183057,0.05105717,1,0.0
16aa7261-b8e0-4321-abc9-67793db1bcb5,2025-02-10T00:00:13+00:00,livemint.com,https://www.livemint.com/companies/hiranandanis-yotta-data-services-files-application-with-sec-to-list-in-us-11739096898082.html,Hiranandani’s Yotta Data Services files application with SEC to list in US,"Chief executive Sunil Gupta did not disclose the final intended size of the initial public offering, but a presentation by the company to the SEC said that the listing “is expected to result in approximately $463 million ( ₹4,064 crore) of cash added.”",Technology,2,1,0.1339697619154099,0.7749668423402675,0.09106339574432264,1,0.0096373735,0.885335,0.10502753,1,0.0
16f5c6ae-c273-43de-b9b1-65cb83afa11c,2025-05-06T09:30:00+00:00,thesmartinvestor.com.sg,https://thesmartinvestor.com.sg/your-stock-has-plunged-below-your-purchase-price-should-you-sell-it-or-buy-more/,Your Stock Has Plunged Below Your Purchase Price: Should You Sell It Or Buy More?,What’s the right thing to do for a stock that has fallen below what you bought it for? Read on to find out.,Technology,0,1,0.11405066894488669,0.5653328390971103,0.320616491958003,1,0.3231736,0.63508147,0.041744936,0,-0.4329
0124ba34-b42e-4084-aeaa-67c8cd013222,2025-03-25T12:49:56+00:00,investors.com,https://www.investors.com/market-trend/stock-market-today/dow-jones-sp500-nasdaq-housing-reports-nvidia-tesla/,"Dow Jones Futures Rise Amid Housing Data; Nvidia Falls, Tesla Extends Gains","Dow Jones futures rose Tuesday amid housing reports. Nvidia declined, while Tesla extended its gains on the stock market today.","Consumer Cyclical,Technology",1,2,0.2878212495191097,0.1330325145769859,0.5791462359039045,0,0.6844482,0.031628482,0.28392333,2,0.6486
db432c32-4882-48ae-89d3-73057cba0dc1,2025-03-25T21:45:16+00:00,zacks.com,https://www.zacks.com/stock/news/2435107/advanced-micro-devices-amd-surpasses-market-returns-some-facts-worth-knowing?cid=CS-ZC-FT-tale_of_the_tape|yseop_template_6-2435107,Advanced Micro Devices (AMD) Surpasses Market Returns: Some Facts Worth Knowing,"In the latest trading session, Advanced Micro Devices (AMD) closed at $114.81, marking a +0.84% move from the previous day.",Technology,1,1,0.09343879805286544,0.6876735236307876,0.2188876783163471,2,0.06352865,0.02283705,0.9136343,2,0.5994
0d76ecba-6ca1-450b-be11-e71bf627adbf,2025-03-12T21:04:07+00:00,finance.yahoo.com,https://finance.yahoo.com/news/intel-appoints-lip-bu-tan-as-ceo-stock-surges-210407258.html,"Intel appoints Lip-Bu Tan as CEO, stock surges",Intel has appointed Lip-Bu Tan as its new CEO amidst the company's turnaround effort and reports that TSMC is looking to run its manufacturing business.,Technology,2,1,0.08730726406408527,0.5956201991428873,0.3170725367930272,2,0.21634169,0.08437888,0.6992794,1,0.0
ca39918b-dbaa-4fda-85f8-6b611aa06753,2025-01-08T22:28:42+00:00,thestockmarketwatch.com,https://thestockmarketwatch.com/stock-market-news/stock-market-recap-wall-street-edges-higher-amid-economic-uncertainty-on-january-8-2025/48709/,"Stock Market Recap: Wall Street Edges Higher Amid Economic Uncertainty on January 8, 2025","The U.S. stock market closed with modest gains on Wednesday, January 8, 2025, as investors grappled with mixed economic data and concerns about potential","Consumer Cyclical,Technology,Utilities",1,1,0.3145433881145452,0.3630497643208922,0.3224068475645626,2,0.08032491,0.022422887,0.8972522,1,0.0
34b3ab8a-705b-409d-855d-037bfdc20125,2025-03-26T15:20:13+00:00,timesofindia.indiatimes.com,https://timesofindia.indiatimes.com/business/international-business/us-stock-market-stumbles-amid-big-tech-nvidia-tesla-struggle/articleshow/119546637.cms,"US stock market stumbles amid Big tech Nvidia, Tesla struggle","International Business News: US stocks showed mixed movement on Wednesday. Most stocks rose, but key tech stocks like Nvidia and Tesla struggled, impacting the Nasdaq. The Dow Jon","Consumer Cyclical,Consumer Defensive,Technology",1,1,0.20493102444692993,0.4563163681482621,0.33875260740480795,0,0.9651298,0.020585181,0.014285004,0,-0.128
